word,frequency
n,135
e,78
u,987
c,60
k,71
v,47
b,63
x,40
r,131
h,1
l,2
z,1
g,17
j,6
q,2
p,6
f,3
w,14
go,416
la,7
ok,272
im,462
oh,111
eh,12
ye,71
ha,16
da,132
ur,240
bu,30
us,55
nd,12
pl,99
he,33
iq,4
hi,117
xx,7
pa,32
ta,4
ah,30
sm,18
yo,36
wk,10
am,1
ip,1
co,78
wa,3
tt,5
mu,15
ni,12
ya,55
ki,6
tv,22
mr,10
gr,12
ju,35
si,22
or,1
pm,24
rs,11
id,30
kr,2
ga,14
gt,8
os,2
po,3
fr,13
up,2
bf,5
gf,2
ge,7
jo,3
kb,7
lo,2
di,31
ex,10
st,24
mm,10
al,7
hv,5
th,41
ja,3
fb,6
bt,18
gs,1
ak,1
no,2
lr,6
lt,6
fo,2
uv,1
ey,2
em,9
yi,1
ar,7
ml,2
de,24
en,2
ho,10
xy,9
an,6
ku,1
ws,3
px,1
ba,2
gd,16
mt,2
ma,3
nt,14
ti,5
rv,1
kz,2
sn,2
ie,2
ym,5
yr,9
mo,8
ms,1
ad,10
il,8
sd,1
gm,2
rd,10
le,1
oi,2
na,10
ne,3
nw,5
hr,18
ro,1
mc,1
el,1
jd,2
ps,4
bb,9
vl,7
ax,1
un,1
tp,1
wt,3
wi,1
nz,1
bk,1
ke,2
ra,2
oz,4
je,1
cd,1
nu,1
sc,1
mi,3
pe,1
tb,3
ui,1
db,1
sh,1
uh,2
mp,2
cn,3
se,4
ic,3
lb,1
nb,2
lk,2
ko,1
wo,2
cm,1
gv,2
lv,2
dt,2
wn,3
hw,7
gn,2
kg,2
cl,1
fp,1
rr,1
ru,5
sr,1
sq,1
er,5
dr,2
bc,2
hp,1
ft,1
dd,1
pg,3
iz,4
vs,1
tm,4
my,1
ew,1
lm,1
hm,3
ay,1
jp,1
um,1
cr,1
av,2
ee,2
dl,1
ia,2
mb,2
js,1
ny,1
cp,1
pc,2
ji,1
qi,1
so,1
ph,1
ow,1
mj,1
jb,1
mw,1
tc,2
uk,1
mn,1
bw,1
aa,1
nh,1
hu,1
li,1
got,232
wat,108
lar,38
wif,27
oni,4
dun,55
say,138
hor,2
nah,10
goe,26
usf,11
aid,2
per,13
oru,4
set,22
ive,75
cri,7
kim,1
wet,3
way,100
tri,75
pay,38
aft,19
str,3
lor,160
ard,22
eat,45
tho,17
get,364
lol,73
fri,17
egg,6
tea,6
mom,21
amp,82
car,44
ill,242
let,87
yup,43
msg,61
may,39
oop,10
see,152
how,44
man,44
hep,1
ask,126
bit,44
saw,23
run,31
fyi,6
wow,10
odi,2
wun,7
cut,15
day,219
end,41
wah,4
hee,13
shi,2
job,45
one,170
use,60
bed,32
ela,2
wen,24
sum,5
buy,71
abt,26
hol,3
els,23
ave,5
yet,48
men,7
nyc,4
cuz,7
lot,49
hit,12
old,18
lie,6
new,67
mah,13
juz,25
sao,1
hey,106
del,1
bak,8
haf,23
msn,2
sir,34
swt,2
gud,53
dot,1
thk,50
joy,13
boy,37
wit,15
axi,1
hop,7
muz,11
til,25
log,9
wed,12
guy,56
net,7
xma,13
abl,26
hav,26
tmr,28
mrt,9
txt,13
xxx,21
enc,1
inr,2
dat,42
oso,23
big,35
noe,20
leh,29
atm,3
die,18
wil,18
win,18
tel,12
uve,1
bat,3
fix,12
cal,6
min,38
wid,16
dnt,13
coz,19
luv,31
usp,1
lag,2
mmm,4
evo,1
ray,5
bay,4
rob,2
far,16
oki,20
cam,2
plz,25
def,4
key,6
clo,3
wot,23
cud,4
ppl,4
gon,1
wiv,6
two,31
num,6
jay,14
ish,12
ago,12
wtf,4
met,9
aig,1
air,7
mei,7
bar,5
owl,1
fun,23
huh,20
sat,28
lap,1
put,35
ass,13
god,40
dai,6
yep,10
fav,1
wld,2
via,9
yan,5
jiu,5
den,32
aha,8
ful,3
wnt,6
bmw,3
vri,6
amt,5
ten,13
oic,3
tot,21
din,8
hmm,11
ami,2
ure,10
ear,3
bad,30
bye,4
cum,10
mcr,1
sec,5
dri,4
meh,9
rec,1
fee,3
spl,4
tat,6
sno,1
sea,15
fat,8
omw,7
btw,4
own,3
cup,4
pan,2
pic,12
bao,1
mrw,5
jen,2
gym,12
yar,13
mum,19
sch,22
lab,4
kid,14
jjc,1
pie,4
que,3
cer,1
pub,16
bud,4
pop,7
dad,30
wee,2
eve,14
bet,4
sun,16
lay,4
knw,17
hex,2
map,4
law,5
box,5
gpu,2
gap,10
wer,6
sit,16
dey,5
sth,1
dao,1
yay,6
add,9
gal,14
eye,10
lip,3
top,7
act,4
gua,1
idc,1
row,4
beg,3
she,29
jan,3
omg,8
nic,2
imp,2
bec,2
ugh,12
bag,8
boo,6
ach,4
sip,2
age,9
nag,2
soo,2
wan,53
spk,3
hai,7
ana,1
rto,1
nap,3
oil,2
sup,6
mac,3
usb,2
sad,21
thu,1
due,4
plu,18
pig,4
iam,5
yck,2
ate,6
kvb,1
acc,4
ore,1
owo,1
fro,1
ton,1
chk,1
shb,1
ull,6
nxt,6
yun,5
ubi,2
wkg,3
apt,1
fit,2
fan,2
frm,11
exe,3
plm,2
zoe,1
thx,2
nyt,8
ink,1
lul,1
tul,1
dvd,1
dem,4
evn,3
tax,1
uni,5
hen,1
who,10
gay,3
tau,1
sar,2
oha,1
hot,7
drm,1
hme,1
arm,6
phd,1
app,5
iff,1
doc,7
hun,3
ava,1
cbe,5
tee,2
tht,13
dog,7
pax,1
jap,1
ola,2
shd,7
ned,2
whn,2
bbq,1
tlk,2
urn,4
gee,5
rem,5
duo,1
sen,3
tue,3
fli,4
spi,1
lyf,2
ali,1
ovr,1
aah,3
sha,4
idp,1
nit,2
ron,4
yuo,4
ese,3
tih,4
ayn,2
jia,2
sux,2
ext,1
ice,7
sub,3
noi,2
idk,4
nig,1
leo,1
cya,1
sef,1
nte,2
six,1
lei,23
sif,1
dub,1
nan,3
ran,5
wad,1
jon,1
bin,4
red,4
bac,1
bun,5
pai,1
seh,1
dec,1
bam,1
mia,1
toa,3
tag,2
bra,1
srt,1
pen,1
jog,3
sim,6
lim,1
grr,1
mid,7
wud,2
cat,4
hip,4
aka,2
wrk,3
nvm,5
gep,1
amk,1
yeh,2
mon,8
mel,2
dha,1
pei,1
jot,1
lyk,1
bck,2
giv,2
mca,2
yor,3
art,5
rub,2
nob,1
mad,4
xam,2
cld,2
sed,5
yam,1
tok,2
ooh,1
leg,4
pix,4
jod,1
lov,2
all,2
vai,1
hum,1
ham,2
dan,2
aww,2
jez,1
tom,2
thm,3
thi,2
rum,2
gin,2
kay,2
dlf,1
err,1
lac,1
imf,1
sri,2
kdo,1
ego,1
hcl,1
bid,1
ktv,1
rel,2
tor,1
tui,1
erm,3
ape,1
ibm,1
sam,2
hon,2
fab,2
pap,2
bro,6
abj,2
der,1
luk,1
feb,5
evr,2
hug,7
reg,2
ben,2
mag,2
avo,1
tiz,1
arr,1
pin,5
lil,2
wtc,1
mee,1
com,1
itu,2
but,1
low,3
sex,2
pro,1
con,1
jet,1
abi,4
tim,1
tol,1
non,1
nvq,1
raj,2
usc,2
fox,1
dwn,1
ssi,1
fal,2
vth,2
yen,1
nav,1
pre,1
grl,4
tex,1
uin,1
hdd,1
asu,1
leu,1
nri,1
tai,1
lik,5
deu,2
tap,2
owe,2
med,7
ind,1
idu,1
opp,1
gei,1
fml,2
sac,2
ing,1
etc,6
opt,1
orc,1
asa,1
amx,1
bpo,1
pmt,1
taj,1
adi,1
epi,1
zac,1
hui,1
xin,2
lib,2
edg,1
sky,1
lou,2
soc,1
bsn,1
ohi,1
rip,1
whr,1
rtm,1
hwd,1
wth,1
wrd,1
jst,3
itz,2
cnn,2
ibn,2
poo,1
uup,1
glo,1
uif,1
rsi,1
sib,2
ltr,1
cab,1
eek,2
eta,2
vic,1
woo,1
hoo,1
sem,2
gam,1
kip,1
tog,3
kfc,1
hut,1
sez,1
ugo,1
cap,1
gwr,1
loo,1
stu,1
snd,1
bot,1
lst,2
cin,1
jaz,1
uso,1
goa,1
qet,1
ima,1
mro,1
dom,1
ger,1
syd,1
tmw,1
mph,1
url,1
cha,2
rdi,1
bcz,1
out,1
soz,1
ash,1
dvg,1
orh,1
hii,1
mth,2
oga,1
brb,1
rat,1
pee,1
iti,1
gre,1
cla,1
lit,1
dip,1
gek,1
gut,1
yah,1
cme,2
ayo,1
kit,1
eva,2
tke,1
jam,1
bff,1
shu,2
tix,1
fne,1
neg,1
max,1
tip,1
apo,1
hat,1
bugi,7
cine,7
amor,1
joke,16
dont,268
live,27
even,83
like,242
mell,6
copi,11
home,160
soon,56
want,212
talk,56
word,34
wont,51
take,141
help,39
time,220
date,11
name,37
make,134
fine,45
that,101
feel,92
gota,1
smth,16
meet,117
forc,4
suck,7
mark,9
know,244
sick,10
turn,12
left,29
love,234
back,129
pack,4
room,38
ahhh,1
work,131
vagu,2
wait,95
sure,77
yeah,85
till,21
tell,138
fear,3
look,60
done,45
text,86
youd,8
tomo,17
watt,1
need,175
hope,119
well,127
ltgt,276
inch,6
call,287
fair,3
cant,120
mayb,42
kept,4
weak,7
gram,4
half,25
ride,5
morn,81
sinc,25
best,38
seem,16
cave,1
give,105
find,52
seri,4
pick,85
move,18
pain,28
kill,7
good,223
girl,40
part,22
took,19
come,292
hair,24
said,86
nice,57
song,13
send,135
frnd,24
rpli,5
save,13
babe,74
free,59
cool,40
much,112
oper,1
earn,3
next,46
stop,45
real,24
came,26
coin,6
cash,13
late,57
mean,52
pour,3
rain,15
hurt,32
plan,58
lido,3
show,34
load,11
loan,6
four,2
caus,21
prob,18
uham,1
noth,34
okay,26
long,42
gone,15
test,27
your,52
gave,10
page,10
umma,7
life,74
vava,3
dear,97
wish,69
isnt,20
play,27
busi,20
noun,2
loud,3
bday,17
boss,9
felt,13
askd,12
went,61
must,22
uncl,16
food,23
sent,58
cost,12
lazi,9
type,15
lect,9
mail,27
nver,1
tire,13
open,21
what,33
pray,10
hard,13
soft,3
wine,12
flow,3
dirt,1
hail,1
mist,1
leav,82
hous,37
mear,1
miss,116
keep,70
safe,12
envi,1
hand,23
also,68
wast,10
bank,15
hmmm,9
liao,35
hell,12
clue,1
bath,25
youv,10
mall,3
stay,33
toll,3
lift,9
haha,48
join,17
deal,10
week,72
year,65
mrng,14
dead,8
kate,11
buck,7
dogg,1
bill,9
bruv,2
chat,15
head,23
draw,5
past,7
easi,18
exam,16
file,8
shop,36
nite,27
bcoz,10
walk,29
road,10
side,13
lose,27
argu,5
kick,7
hear,30
case,15
sign,8
told,53
baig,1
face,29
wake,31
drpd,2
hold,21
bcum,5
true,22
deep,10
care,75
ship,7
lemm,8
jolt,2
suzi,1
park,16
mini,2
ring,16
dint,6
wana,11
trip,19
sort,16
blue,12
mack,1
full,21
tool,2
pass,10
last,66
babi,30
hour,46
fone,10
sens,7
buzi,3
gurl,1
teas,9
rose,8
high,4
shit,35
taxi,2
meal,4
remb,1
book,32
hang,6
dayu,3
rest,9
lost,11
made,28
yoga,7
anot,2
dude,24
cake,4
kiss,36
gona,3
buse,2
pete,8
read,27
movi,26
dine,2
surf,6
post,22
hide,3
yiju,6
huim,1
ever,32
slap,3
weed,8
onam,1
tata,1
cold,6
dawn,1
aliv,2
woke,10
agre,2
will,5
seen,12
didt,5
sigh,7
ptbo,3
rinu,1
bodi,5
quit,39
slow,11
guid,6
ovul,2
lick,5
shut,3
bout,13
rock,13
none,8
tree,3
burn,4
darl,5
iron,2
skip,2
blah,3
goal,1
siva,1
voic,10
urin,1
mind,39
arng,3
fuck,47
yesh,3
hank,1
oreo,3
kind,16
link,5
ttyl,6
thru,7
cope,2
heal,1
oral,1
fave,3
bike,1
mani,56
flat,5
rate,3
line,9
wise,3
tast,3
fade,1
card,14
nope,15
fish,3
bore,24
hyde,2
near,9
rent,12
jada,4
ammo,1
sori,3
less,10
ebay,2
taco,2
rude,1
ladi,9
bani,1
lead,6
quot,4
abil,2
self,6
mine,17
bash,1
coop,1
cali,2
sink,1
pace,1
cage,1
cock,2
cuck,1
oath,1
warm,9
milk,3
loos,3
aiyo,6
fast,14
ahge,1
meim,1
bare,7
icki,1
oooh,2
dick,2
door,10
bite,4
danc,4
frnt,1
jazz,5
meiv,1
prix,1
nitz,1
swim,3
noon,9
neva,18
imma,7
game,13
suit,4
snow,14
grow,1
alex,8
paid,6
allo,1
bham,1
town,24
drug,15
evng,6
kama,1
nang,1
lakh,1
peac,5
awak,7
yell,2
lone,3
king,4
bold,9
farm,2
poop,2
idea,11
soso,1
smsd,1
away,21
trek,1
aftr,6
dorm,2
menu,6
sell,16
spec,1
flim,1
itor,1
jide,1
rite,19
glad,9
gaze,1
weve,5
gist,2
gimm,3
isar,1
yest,7
goin,21
damn,6
hunt,2
sing,5
diff,3
bein,3
thot,2
piec,5
appt,4
dled,1
aint,9
gift,10
hint,3
youi,1
xxxx,1
mate,16
sura,4
henc,2
warn,3
doug,1
nowi,2
shoe,2
poor,10
wall,4
hole,1
drop,22
knew,12
woul,1
gibe,1
gibb,2
fail,5
fudg,1
piss,7
diet,5
chip,2
blog,2
term,4
samu,1
wear,9
jean,2
stuf,2
bleh,2
lodg,2
dict,1
bowl,5
welp,3
code,1
chad,1
site,5
wife,24
hors,1
race,2
rice,2
crap,2
ahth,1
tech,2
butt,3
sore,4
juli,1
jesu,5
beth,1
aunt,4
meat,1
ctla,1
prey,3
coax,1
imag,2
fond,1
rais,5
defo,1
fill,12
fool,6
viva,2
educ,3
june,3
data,1
hiya,9
rudi,1
howr,1
nurs,1
obes,1
oyea,1
kaaj,1
kort,1
mesh,1
heri,2
maki,1
alwi,3
goto,2
fret,2
wind,3
grin,12
math,4
teju,1
okok,3
fall,10
howz,6
piah,1
film,9
tank,2
peep,1
toot,2
moan,5
thin,1
neft,2
semi,1
ilol,1
mite,4
kkim,3
rofl,3
anti,3
purs,2
pthi,1
drum,1
rang,5
flip,2
shun,1
bian,1
nino,1
news,7
evil,1
acid,1
cell,7
mode,9
tour,3
nydc,2
ipad,3
item,1
fran,3
janx,1
gray,1
minu,1
area,5
rush,5
icic,1
gaug,1
fren,13
pase,1
buen,1
tmrw,2
soul,2
main,2
luck,7
pple,5
becz,1
moji,4
huai,1
juan,2
path,2
shot,2
evei,1
phne,3
pile,1
aust,1
cafe,5
papa,1
shld,3
paye,2
vote,5
beta,1
pale,2
moon,5
lmao,6
boyf,1
exet,2
coat,2
alon,14
aiya,4
fact,10
addi,3
bird,6
yago,1
duck,1
lyfu,2
astn,1
innu,1
bilo,1
edha,1
meow,1
dose,1
lotr,1
sayi,1
disc,1
kall,1
hict,1
nike,1
sooo,1
dang,1
konw,2
waht,2
rael,2
jsut,2
buff,3
tote,1
sale,5
gang,3
wifi,2
nosi,1
mene,1
chef,1
pest,1
chez,1
jule,1
john,12
dime,2
fire,3
rawr,1
xoxo,1
haul,1
thnx,1
anji,1
tooo,2
wate,2
anim,1
buzz,7
ador,5
keen,1
bagi,2
shja,2
rape,1
kilo,1
slip,2
hook,6
hugh,1
inde,2
prap,1
jame,2
finn,1
calm,2
itxt,1
wotu,1
doin,10
neth,1
paru,1
edit,1
sexi,12
arun,3
fake,1
iraq,1
beer,5
jess,4
sian,2
ccna,1
usml,1
mwah,1
norm,1
list,9
five,3
team,4
kyou,1
godi,4
hate,6
wahe,2
mmmm,3
push,4
knee,2
pull,4
wick,1
thnk,7
biro,1
lark,1
vday,2
tabl,3
ello,1
ikea,3
ofic,1
cook,10
qing,1
mari,1
jane,2
grab,1
bowa,1
boat,3
nake,6
arul,1
dane,1
soil,1
role,7
rule,4
bend,1
thia,1
tact,1
cram,1
gari,4
rich,3
dice,1
feet,4
lara,1
ryan,2
argh,3
hall,1
mcat,2
dave,1
mrur,1
nosh,1
mile,5
cuti,1
wale,2
hill,5
mood,8
latr,5
kidz,4
sofa,8
dent,1
imin,1
nobl,1
enam,1
neck,2
holi,2
arti,1
keri,1
slot,2
abel,1
temp,3
soup,3
dust,1
jone,1
inev,1
huge,2
anni,2
poem,2
tear,8
waqt,1
pehl,1
kisi,1
kuch,1
nahi,2
wors,7
todo,1
frwd,1
nohe,1
issu,6
lttr,2
gthr,2
sari,2
batt,1
gain,3
dumb,2
okey,3
doke,1
cute,7
solv,6
siri,3
pose,1
comb,1
bloo,3
kbut,1
lane,2
itna,1
karo,1
pura,1
brum,1
star,3
brin,1
bsnl,1
offc,1
abeg,1
onum,1
poet,1
lock,3
jenn,1
plsi,1
upto,2
fwiw,1
maga,3
prop,1
risk,2
fate,1
dock,2
roll,1
ruin,4
cyst,1
onit,1
gosh,1
ucal,1
wrki,1
daal,1
unni,1
lack,1
digi,1
held,1
bang,2
gobi,1
taxt,1
lool,1
naal,1
when,4
pout,3
serv,3
anna,2
yupz,1
modl,1
pump,1
valu,6
snog,2
west,2
palm,1
mush,1
tund,1
dare,4
brat,1
tick,6
derp,1
abus,1
lipo,1
thgt,2
user,1
gudk,2
tall,1
note,5
toss,1
nora,1
gayl,1
seat,3
acnt,1
anal,1
pear,1
geva,2
mint,1
wuld,2
loko,1
icon,1
sake,2
down,1
cozi,1
iter,1
ikno,1
jabo,1
yday,1
poci,1
bell,3
howv,1
crab,3
wave,2
slob,1
foot,2
peni,2
alwa,1
eveb,2
olol,1
mofo,1
blow,2
phil,1
thur,3
sack,2
twat,1
deck,1
gold,1
kano,3
mess,3
tape,3
size,3
poke,1
deam,1
auto,3
asap,4
dusk,1
phew,1
redr,2
ding,2
feng,1
luvd,1
aris,2
sway,1
kkit,1
citi,1
east,2
usno,1
ittb,1
wyli,4
itll,1
ofsi,1
yaxx,1
olag,1
ondu,1
tron,1
spif,1
tiim,1
bull,1
amaz,3
obey,1
jack,1
info,2
gate,1
inst,1
pend,2
wotz,1
vill,1
seek,1
kent,2
vale,2
arnt,1
pole,1
mega,2
doom,1
base,2
wrld,1
lion,2
tens,1
jaya,2
flea,1
hari,1
gete,1
twin,1
unev,1
hire,1
gong,1
dark,3
fell,3
apnt,1
pant,1
mere,1
plum,1
alot,1
vega,2
vewi,2
sbut,1
bari,1
yorg,1
jump,1
hoop,1
pool,2
univ,1
raja,1
sync,1
ouch,1
timi,1
bead,1
sold,1
geti,1
brah,2
yuou,1
spot,1
zoom,1
pink,1
pure,1
gail,1
step,5
melt,2
born,3
nigh,1
cabl,1
mise,1
lanr,1
ceri,1
moro,2
deyi,1
nose,1
tram,1
gran,1
afew,1
honi,1
ball,2
olav,1
pint,1
ciao,1
wknd,1
meso,1
meok,1
noic,1
prof,2
enna,1
coco,1
nbme,1
fite,1
evey,1
mnth,1
prin,1
cast,1
camp,1
perf,1
hont,1
dahe,1
tuth,1
skye,1
arab,1
evri,2
blur,2
lush,2
haiz,3
nail,1
asia,1
bear,2
stil,1
tobe,1
spin,1
prsn,1
loss,4
pock,1
awww,1
bcaz,1
evon,1
view,1
dual,1
bone,2
litr,1
nitw,1
texd,1
ward,1
emot,1
dsnt,3
form,1
tait,1
dial,1
othr,1
rout,1
deni,3
stun,1
visa,1
noit,1
nevr,1
toke,1
lage,1
itxx,1
urgh,1
sept,1
comp,1
avin,1
fixd,1
njan,1
sudn,1
chop,1
heat,1
laid,1
sumf,1
upon,1
ceil,1
tvhe,1
btwn,1
appi,1
fizz,1
genu,1
imat,1
wewa,1
iriv,1
keng,1
woah,1
lotz,1
mina,1
miwa,1
hsbc,1
doll,1
limp,1
shah,1
maat,1
sthi,1
texa,1
bomb,1
gyna,1
beat,1
taka,1
fold,1
deer,1
fart,1
woot,2
dado,1
jade,1
paul,1
barm,1
hmph,1
land,2
nois,1
vldo,1
club,1
mtnl,1
worm,1
andr,2
dino,1
prem,1
kote,1
muht,1
albi,1
okor,1
ibor,1
zero,1
sday,1
bawl,1
salt,1
port,1
dull,1
swan,1
lamp,1
gene,1
boyi,1
pisc,1
chex,1
jerk,1
guai,1
amus,2
sane,1
thou,1
asda,1
feed,1
ksri,1
flew,1
worc,1
boob,1
gyno,1
bong,1
loti,1
lorw,1
chic,1
mous,1
desk,1
belt,1
kane,1
shud,1
unit,1
nmde,1
dump,1
heap,1
soni,1
piti,1
point,17
crazi,10
avail,13
great,101
world,34
earli,33
think,152
speak,25
treat,19
press,10
gonna,58
stuff,43
today,133
right,91
thank,89
grant,1
bless,9
watch,69
spell,5
month,38
first,56
stock,6
comin,11
lunch,45
slice,3
worri,41
pizza,8
alway,56
catch,13
there,25
still,146
clear,8
actin,1
child,3
badli,1
cheer,12
anyth,74
faint,1
quick,8
cuppa,1
xuhui,3
learn,6
decid,27
hello,47
invit,12
ahead,7
crave,12
sweet,35
steed,1
yummi,3
endow,1
didnt,83
tyler,6
could,53
class,45
usual,13
whole,14
crash,4
place,60
never,43
happi,118
sorri,153
offer,9
later,134
reach,46
check,51
forev,9
doubl,5
short,10
dedic,4
plane,5
lucki,9
money,53
wanna,28
peopl,48
urgnt,5
multi,1
start,55
gotta,12
nitro,3
stand,11
close,18
youll,14
anoth,35
night,110
spent,8
sheet,4
smile,71
becoz,4
pleas,79
price,8
legal,4
drive,40
guess,35
chang,32
locat,2
truli,2
memor,1
aight,33
would,72
thing,111
scare,5
eatin,7
enter,9
cabin,5
apart,10
goodo,2
ratio,1
hmmmi,1
hasnt,5
impos,1
kkhow,4
befor,4
activ,5
pouch,2
littl,27
heart,42
staff,2
inour,1
begin,5
qatar,4
delet,6
sindu,1
birla,3
plaza,2
typic,1
repli,50
floor,3
shirt,7
mouth,2
dream,24
chore,1
exist,1
becom,7
excit,3
spend,14
modul,4
avoid,5
belov,2
escap,4
fanci,6
bridg,1
lager,1
utter,3
carlo,15
smoke,25
worth,4
spoke,6
studi,19
trust,10
mummi,4
where,8
minut,44
radio,3
leagu,1
touch,19
final,16
cours,14
howev,7
everi,40
stool,1
settl,8
stori,20
found,16
refil,2
sleep,74
alter,1
oredi,15
shoot,4
readi,36
break,14
sound,26
match,5
slept,8
ahsen,2
march,13
elama,1
teach,11
cross,2
print,5
avent,3
shine,2
meant,14
thanx,32
kalli,6
angri,18
manda,4
bribe,1
lover,9
luton,1
flash,3
sunni,6
might,34
swing,12
ahold,1
throw,6
jenni,2
updat,6
grave,2
phone,84
coffe,7
tomoc,2
shock,3
scari,3
fridg,1
actor,2
garag,3
arent,7
enemi,5
mylif,1
power,9
dunno,31
tahan,2
merri,9
guild,1
dahow,2
track,6
women,2
light,15
kkapo,1
kgood,1
chanc,12
steal,2
round,8
small,11
iphon,1
fault,6
basic,9
figur,13
insur,7
insha,1
statu,2
geeee,5
cuddl,6
spoil,3
heron,1
bring,37
becau,1
prabu,1
relax,7
coupl,12
intro,5
pilat,6
offic,25
award,1
salam,1
grace,2
india,10
field,2
cream,4
drink,23
wendi,1
rowdi,1
funni,8
irrit,7
shell,6
sourc,4
askin,6
shoul,1
iouri,3
gdnow,1
tough,7
group,6
howdi,1
kinda,8
woman,4
decis,6
doggi,3
style,10
posit,4
enjoy,32
remov,7
charg,13
whenr,1
glori,1
ralph,1
trade,2
fight,11
water,10
matur,6
simpl,17
nojst,1
adult,2
behav,3
shall,29
pickl,2
campu,6
singl,7
famou,1
marri,11
hotel,5
bloke,3
alibi,1
hurri,8
three,4
gener,4
faggi,2
blood,3
magic,4
cheap,6
silli,1
mutat,1
freek,1
daddi,8
missi,1
clean,11
goggl,1
arngd,1
snake,3
sayin,1
izzit,7
exwif,1
srsli,1
grand,4
choos,8
train,19
occur,2
often,4
soonc,1
futur,4
hundr,2
aunti,5
leona,4
pound,5
seven,3
biola,2
login,2
fetch,7
brave,1
taken,2
jolli,2
music,4
templ,4
email,18
gentl,5
rough,1
panic,2
hella,4
earth,5
cloud,1
river,2
paper,13
sutra,1
bakra,1
belli,5
laugh,17
ditto,1
piggi,1
build,5
dearm,1
bfore,1
engag,2
torch,7
fluid,1
weird,4
deari,3
harri,1
calld,2
macha,1
assum,5
uslet,1
sfine,1
cooki,2
jelli,1
order,8
visit,9
steak,1
twice,5
tonit,8
hadnt,1
clock,5
shout,4
wahay,1
reali,5
holla,7
anyon,17
spare,3
faith,1
faber,1
theyr,7
appar,4
space,6
trash,1
slave,8
weigh,3
petey,1
boooo,1
yowif,1
model,6
dobbi,2
oktak,2
lovem,2
brain,4
green,4
skype,6
given,2
aburo,2
swear,1
inner,1
sathi,1
spoon,2
tampa,9
geniu,2
lotta,2
ctter,1
ctagg,1
grate,1
agent,1
sever,2
smell,2
derek,5
worst,2
charl,2
greet,7
white,5
store,4
zaher,1
wrong,14
photo,9
fever,4
kkare,1
least,13
writh,1
voila,1
medic,8
sorta,1
blown,1
score,4
sopha,1
appli,4
truth,12
heavi,7
brand,2
retir,1
backa,1
token,1
seeno,1
borin,1
boggi,1
hesit,3
daysh,2
daysn,1
parti,15
skirt,1
escal,1
quiet,2
helen,2
nobut,1
heard,8
heroi,1
cudnt,1
mobil,15
stamp,3
nanni,2
morow,2
flirt,4
atten,1
roast,3
soire,1
thesi,2
april,5
drunk,3
femal,2
bitch,5
juici,3
iccha,1
korch,1
surya,1
vijay,4
hersh,1
hermi,1
proov,1
prais,1
curri,2
needl,1
ryder,1
strip,1
cliff,2
black,5
aiyah,6
onlin,22
nothi,1
evalu,1
aiyar,4
error,2
shade,1
veggi,1
ntswt,1
annoy,2
makin,2
shame,4
quizz,1
himso,1
refer,5
betta,1
delay,3
dancc,1
nhite,1
europ,1
havin,2
goinb,1
ifink,1
glass,1
honey,7
hunni,2
exact,4
dough,2
stalk,2
jerri,2
other,9
fifti,1
daili,2
broke,5
jokin,2
alrit,6
idiot,3
girli,1
listn,1
vasai,1
syria,1
extra,5
patti,2
chill,3
emerg,2
super,3
misss,1
witot,1
buyer,2
melik,1
chain,3
yahoo,6
write,10
cover,10
ideal,2
front,2
netno,1
tackl,1
storm,3
invnt,3
sinco,2
bewar,2
fraud,2
share,9
loser,1
kaiez,2
kkani,1
total,7
chord,1
nofew,1
revis,2
whose,1
entir,2
breez,1
fresh,1
yalru,1
mundh,1
halla,1
vargu,1
meowd,1
twelv,3
prone,1
natur,10
blake,3
googl,5
vomit,7
centr,5
linux,1
video,2
petei,1
eight,3
champ,1
lovin,1
spele,1
forum,4
gving,2
evrey,2
splle,2
wrnog,2
sitll,2
degre,2
bleak,1
shant,1
south,8
pierr,1
truro,1
cloth,3
excel,7
blank,5
react,1
freak,6
satan,1
itmay,1
organ,1
aaniy,1
chase,4
smeon,2
spark,1
flame,2
crush,1
blame,3
chequ,1
kthen,2
donew,1
wizzl,1
freez,3
batch,2
fring,3
flaki,2
shini,1
wasnt,15
event,3
laden,1
wreck,1
insid,7
phase,1
sight,7
squat,1
cramp,3
poker,2
mushi,1
stash,1
priya,1
messi,2
accid,2
slove,1
ahnow,1
queen,4
album,2
lauri,1
stick,2
spain,1
iwana,1
agesr,1
vtire,1
youmi,1
habit,2
stuck,3
latei,1
creat,5
tvlol,1
takin,4
stabl,1
terri,1
shrek,1
dirti,3
yould,1
cheek,1
telli,2
payoh,3
fedex,1
expos,2
excus,10
angel,1
fffff,1
scold,2
zhong,1
carri,3
nigro,1
upset,2
kkwhi,2
lousi,3
woken,2
egbon,1
slide,2
waitu,3
havnt,4
moral,5
crack,3
tesco,1
infra,1
delhi,2
relat,6
proof,3
major,3
birth,3
choic,3
inlud,1
kitti,1
shave,1
admit,1
boost,5
thkin,1
parco,2
resub,1
ahmad,6
saeed,1
redim,1
blueu,1
pinku,1
color,2
donyt,1
jason,3
soooo,1
tming,2
howda,1
audri,1
simul,1
andor,1
platt,1
vikki,6
sterl,1
manag,8
intha,1
favor,3
shija,3
china,3
noisi,1
needa,1
sfrom,1
reset,1
stifl,1
getha,1
comei,1
caken,5
labor,1
smash,2
speed,4
outlr,1
yavnt,1
grown,1
etern,1
intim,1
nimya,3
amigo,1
tryin,1
walik,1
shelv,1
notic,4
beliv,2
empti,10
knock,1
plaid,1
gdthe,1
aphex,1
unmit,1
godid,1
loung,2
bedrm,2
unabl,3
velli,1
wkend,3
zyada,1
socht,1
elaya,1
anand,1
beach,1
iscom,1
stare,2
alian,1
censu,1
threw,2
truck,2
girld,2
msgsd,2
bluff,2
asusu,1
pussi,6
vodka,3
dhina,2
sugar,4
limit,5
dress,5
roger,4
polic,10
veget,3
dryer,1
swiss,2
crore,2
supli,1
block,2
donno,2
kgive,1
carso,1
pansi,1
jungl,1
kanji,1
shove,3
drama,1
resum,3
arriv,3
yunni,2
yesim,1
mmmmm,2
begun,1
resid,1
clair,1
deliv,5
incid,3
fuell,1
prior,1
grief,1
burnt,1
advic,5
ultim,1
motiv,3
korli,1
dabbl,1
flute,1
wheel,1
theth,1
octob,1
timin,1
death,3
spose,1
rimac,1
squid,1
madam,2
innoc,2
kochi,1
smear,1
pandi,1
shake,2
booti,3
busyi,1
eruku,1
obedi,1
needi,1
stomp,3
nagar,2
witin,1
theme,2
ignor,6
unusu,1
state,1
steam,2
pract,1
flung,1
overa,1
middl,3
clash,1
oscar,1
lower,2
cthen,1
enuff,3
rugbi,1
twigg,1
divis,2
creep,2
weiyi,1
maggi,1
nasti,1
cough,2
tunji,1
frndz,1
wipro,1
doubt,2
handl,4
aveng,1
gudni,1
smith,1
cedar,1
paint,2
shape,1
orang,3
uxxxx,1
human,2
answr,1
flake,3
fifth,1
woozl,1
bruce,2
chest,2
trend,1
brief,2
hadya,1
sapna,1
maneg,1
sport,2
swell,1
senor,1
giggl,1
knowh,1
onluy,1
riley,1
lingo,1
salon,2
ugadi,1
lifei,1
initi,1
click,2
yeesh,1
admin,2
andro,2
thinl,1
wnevr,1
emigr,1
footi,1
nevil,1
abbey,1
punch,1
hogli,1
mutai,1
thasa,1
upyeh,1
okden,1
grfun,1
xxxxx,1
count,3
otsid,2
eleph,1
pooki,1
uniqu,1
tight,2
diddi,1
oneta,1
goneu,1
bread,2
windi,1
mahal,2
puzzl,1
stair,1
allow,4
themp,1
erupt,1
drove,1
shore,1
spile,2
broad,2
canal,2
engin,2
onedg,1
plate,1
starv,2
cheat,4
fatti,1
swann,1
muchi,2
mahav,1
ivatt,1
dodda,1
nalli,1
matra,1
ijust,1
supos,1
yetti,1
slurp,1
dolld,1
madok,1
elain,2
resiz,1
oppos,1
float,1
heehe,1
iknow,1
peril,1
athom,1
occas,1
desir,2
mypar,1
level,1
board,1
overh,1
outta,4
bambl,1
junna,1
wherr,1
cannt,3
princ,2
charm,1
pixel,1
optic,1
digit,1
spous,1
thatd,1
gower,1
itlet,2
known,1
okcom,1
decim,2
equal,1
peski,1
nalla,1
entey,1
outag,2
macho,3
hustl,1
forth,1
audit,3
versu,1
upnot,1
swoop,2
waiti,1
gosri,1
lanka,1
smack,1
neway,1
advis,1
lobbi,1
eryth,1
lubli,1
hudgi,1
uteru,1
neces,1
watll,1
espel,1
nokia,3
eaten,3
stone,4
strtd,1
salad,1
whore,1
flood,1
beerr,1
funer,2
vivek,1
outif,1
greec,1
bunch,1
lotto,1
gimmi,1
gossx,1
chile,1
steer,1
lambu,1
chees,2
yaxxx,1
agenc,1
nicki,1
gumbi,1
tongu,1
rahul,1
groov,1
along,3
fakey,1
funki,1
rebel,1
buddi,1
nacho,1
essay,1
coher,1
rayan,1
panti,1
thout,1
liter,2
timey,1
kothi,2
smart,2
await,1
penni,1
hubbi,1
liney,1
elect,2
hlday,1
amrca,1
kappa,2
shite,1
sonot,1
debat,1
youso,1
teeth,2
royal,2
swhrt,1
dayha,1
gravi,1
evict,1
bimbo,1
loosu,1
fumbl,1
pimpl,1
bcozi,1
reloc,1
among,1
avenu,1
billi,1
shelf,2
gland,1
trubl,1
mokka,2
tulsi,1
manki,1
scous,1
mesag,2
hidid,1
toler,1
hopeu,1
exorc,1
emili,1
prayr,1
mango,1
haunt,1
crowd,1
shola,1
vital,1
lifey,1
thati,1
usget,1
skint,1
wudnt,1
coast,2
grasp,1
gucci,1
flyim,1
lyric,1
somon,1
kintu,1
dhort,1
parad,1
decor,1
morro,1
besid,1
brisk,1
steve,1
coach,1
duvet,1
vpist,1
itnow,1
bthmm,1
firsg,1
split,1
showr,1
ennal,1
islov,1
decad,1
gover,1
spice,1
ettan,1
dajst,1
surli,1
capit,1
dokey,2
givit,1
peach,1
minor,2
niswt,2
watev,1
built,1
swayz,1
miser,2
capac,1
defer,1
chess,1
allah,3
north,1
lovli,1
playi,1
couch,1
cruel,1
joker,1
cruis,1
crisi,1
devic,1
wrote,1
local,1
hooch,1
splat,1
graze,1
court,1
maili,1
varma,1
secur,1
ortxt,1
uphad,1
thoso,1
kaila,1
okday,1
punto,1
camri,1
galsu,1
puppi,1
stage,1
liver,1
skyve,1
ranju,1
alett,1
uncut,1
kkthi,1
hassl,1
londn,1
tohar,1
beeen,1
mufti,1
ileav,1
benni,1
unlik,1
wenev,1
renew,1
facil,1
wound,1
wrkin,1
musta,1
reduc,2
chuck,1
remet,1
qbank,1
temal,1
kwish,1
mumha,1
rumbl,1
topic,1
shopw,1
galno,1
steyn,1
sterm,1
wheat,1
pride,1
stink,1
bottl,3
slack,1
dread,1
forgt,1
ajith,1
yovil,1
carli,1
welli,1
syrup,1
pocay,1
wocay,1
broth,1
ramen,1
youdo,1
foreg,1
shrub,1
navig,1
chick,1
hmmmm,1
dhoni,1
holbi,1
motor,1
rhode,1
young,1
chief,1
cribb,1
soani,1
jurong,1
buffet,2
around,59
though,26
patent,1
vettam,3
caller,6
friend,89
anymor,8
enough,27
search,20
promis,12
fulfil,1
wonder,39
sunday,8
rememb,34
finish,67
sooner,4
realli,85
hungri,12
dinner,35
doesnt,28
fallen,1
spoilt,1
caught,3
lesson,26
letter,8
abiola,11
forget,18
mmmmmm,2
hospit,12
sucker,2
eighth,2
almost,13
second,21
realiz,6
sehwag,1
burger,1
situat,10
seeker,1
someth,69
youhow,1
machan,4
ticket,13
jacket,2
kanoil,1
havent,47
includ,5
troubl,8
someon,46
telugu,1
forgot,31
shower,13
boston,5
signin,1
consid,6
comput,9
server,1
grumpi,1
better,41
plural,1
openin,1
formal,1
anyway,31
puttin,2
happen,50
friday,15
inform,11
school,29
bother,8
involv,2
lucyxx,1
answer,24
lovabl,11
person,56
occupi,3
window,4
cultur,1
bloodi,4
believ,18
surnam,1
experi,8
especi,9
toward,7
boytoy,16
awesom,19
wishin,2
darlin,14
colleg,16
balanc,4
cannot,5
refund,1
reward,2
semest,12
select,5
regist,5
ubandu,1
instal,3
import,14
system,7
repair,3
romant,4
strict,1
street,6
rubber,1
yesher,2
closer,4
theori,4
laptop,12
websit,4
inning,3
dearli,3
deeraj,2
deepak,2
affect,4
nipost,1
expect,11
headin,2
sometm,1
jealou,3
narcot,1
object,1
celebr,8
raksha,1
stupid,10
messag,62
resend,2
unless,9
bslvyl,13
diesel,1
imagin,7
thread,2
accept,9
sister,18
belovd,4
normal,11
waythi,1
pongal,3
afraid,3
waitin,4
flight,2
record,4
return,15
immedi,5
evapor,1
violat,2
number,68
employ,1
report,6
urself,9
sirjii,1
moment,13
chikku,12
audrey,2
breath,4
taught,1
verifi,3
mistak,8
reason,20
wallet,1
custom,11
calcul,3
period,3
actual,34
pictur,7
newsbi,1
chechi,3
stoner,1
hostel,5
receiv,9
dollar,7
arrang,5
sachin,2
suppos,14
wereth,1
blimey,1
lotsli,1
kkwhat,1
detail,20
improv,2
truffl,2
beauti,23
result,6
differ,14
scream,14
broken,2
ahwhat,1
depend,9
credit,8
nowcan,1
monday,10
center,2
either,12
lolnic,1
outsid,16
villag,3
silent,11
latest,3
abnorm,1
pretti,15
across,10
finger,8
button,1
listen,17
temper,1
confid,4
oclock,1
rather,7
weddin,1
remind,10
demand,2
weight,7
perhap,2
workin,8
browni,3
geeeee,2
ninish,1
callin,3
ridden,1
whatev,17
walkin,1
hardli,2
gotani,1
rajnik,1
indian,8
oceand,1
banter,1
colour,6
shuhui,7
famili,21
togeth,21
dismay,1
offici,3
market,3
tootsi,1
longer,8
darren,12
effect,4
church,4
wesley,2
dealer,2
impati,2
repent,1
prepar,6
freaki,1
sdrybi,1
tomorw,1
cochin,2
starti,1
corpor,1
dehydr,2
drivin,4
height,4
saidif,2
stress,5
upseti,1
anytim,4
wondar,1
sameso,1
admiti,1
halfth,2
spring,3
itjust,1
fastpl,1
prayer,1
faster,3
attach,3
realis,4
spoken,4
sorryi,1
confus,4
vibrat,2
hungov,1
advanc,6
meetin,4
dramat,1
weasel,2
punish,2
beerag,1
within,6
fondli,1
ywhere,1
woohoo,1
canlov,1
smokin,1
costum,2
borrow,2
gettin,8
burial,1
recess,2
morrow,4
mother,5
kkwhen,2
xavier,3
guitar,1
trauma,1
urfeel,1
whenev,11
bunker,1
matter,6
goodno,1
shesil,3
castor,2
curfew,1
studdi,1
massag,1
hussey,1
murder,20
nutter,1
cutter,1
ctargg,1
superb,1
invoic,1
taylor,3
grinul,1
addict,4
msging,3
ashley,2
attend,6
wherev,6
paypal,1
pocket,1
recent,5
applic,2
expens,6
biatch,1
salari,4
chocol,2
talent,4
reckon,2
fuckin,3
parkph,1
stripe,1
miracl,7
yetund,3
charli,1
kerala,5
suprem,1
toldsh,1
carent,1
bakrid,1
throat,4
asleep,5
lectur,5
shitin,1
lekdog,1
edison,2
career,3
seriou,6
daysso,1
travel,6
urgent,2
gossip,2
parchi,1
kicchu,1
convey,10
regard,9
dearer,3
namemi,1
herwil,1
herlov,2
lotwil,2
conect,1
doctor,10
freeli,1
outrag,1
postal,1
wrking,1
sittin,1
sfirst,1
durban,2
cancel,6
sitter,1
danger,2
melodi,1
bigger,3
island,3
cstore,1
hangin,1
faultf,1
natuit,3
strong,4
maaaan,1
wuldnt,1
creepi,2
easier,4
invest,2
submit,2
snatch,1
edrunk,1
reliev,1
nobodi,9
chines,5
melnit,1
servic,5
execut,3
parent,17
wahala,1
insect,1
cheeri,1
weirdo,1
profil,2
certif,1
secret,6
destin,1
favour,4
garbag,2
tshirt,1
design,1
spirit,1
darker,1
watevr,1
retard,1
canada,2
surgic,1
unfold,1
korean,1
tiempo,1
sweeti,2
suffer,3
arrest,5
suntec,3
forgiv,2
welcom,6
panick,1
outhav,1
screen,3
gentli,4
appear,1
reserv,4
tonght,1
plough,1
chinki,1
player,9
unsold,3
geelat,1
option,3
silver,2
silenc,2
missin,3
guilti,3
bright,4
flower,4
desper,2
rummer,1
monkey,3
rajini,1
tablet,4
incomm,1
puriti,4
musthu,2
moneya,1
dawhat,2
except,5
format,2
corect,1
exmpel,2
mitsak,2
confer,1
financ,2
bishan,4
nearer,1
raiden,1
prefer,7
kegger,2
cardin,1
rhythm,2
rumour,2
impost,1
athlet,1
courag,3
healer,1
driver,2
venaam,1
brotha,3
strain,1
anyhow,1
miller,1
outfit,1
propos,2
sooooo,2
french,1
switch,2
dammit,1
wright,1
mostli,2
fourth,1
dimens,1
yesbut,1
remain,7
father,12
dislik,3
despar,3
gotten,2
stereo,1
dinero,1
downon,1
satlov,1
social,5
slowli,11
follow,4
itmail,1
panren,1
mandan,2
intend,1
urmomi,1
honest,1
lookin,5
combin,3
walsal,1
fellow,1
teresa,1
packag,3
promin,1
access,2
joanna,2
dagood,1
replac,5
murali,1
elliot,1
wiproy,1
matric,1
recept,1
strewn,1
pillow,1
jontin,1
beyond,3
master,4
nichol,2
season,4
therer,2
lambda,1
duffer,1
electr,2
kadeem,3
mineal,1
avatar,3
hittng,1
reflex,1
adewal,1
deduct,1
asshol,1
shhhhh,1
length,2
santha,1
corrct,1
basket,1
rupaul,1
memori,2
commun,1
intent,2
onward,3
theatr,6
potato,1
apolog,2
energi,7
simpli,3
cereal,1
infern,4
affair,5
shadow,1
hallaq,2
greeni,1
yelowi,1
eldest,1
skalli,1
provid,1
cutest,1
armand,6
suppli,1
clever,2
washob,1
nickey,1
spotti,1
reject,1
manual,1
requir,4
stayin,2
waaaat,1
lololo,1
kindli,2
beggar,1
london,2
urgoin,1
origin,1
specif,2
jaklin,1
nearbi,1
textin,1
cousin,2
rajipl,3
werent,1
collag,1
carton,1
mirror,1
sicomo,1
nelson,1
yummmm,1
puzzel,1
threat,1
shifad,1
brdget,1
hmmbad,1
studio,1
hrishi,2
nothin,2
hanger,1
thatll,2
naseeb,1
zindgi,1
jeetey,1
varaya,1
nearli,2
posibl,1
clarif,1
regret,3
measur,3
ethnic,1
propsd,2
evrydi,2
imposs,3
wiskey,2
brandi,2
scotch,2
byatch,1
chiong,1
christ,2
garden,3
scienc,2
offlin,1
anjola,1
txting,1
budget,6
commit,1
random,5
profit,1
famamu,1
drizzl,1
strang,2
necess,1
gowait,1
releas,3
cosign,1
direct,2
afford,1
bognor,1
perman,1
plenti,6
amount,5
belong,2
herwho,1
terrif,2
pressi,1
achiev,1
behind,6
elabor,2
safeti,1
aspect,1
depart,2
oursso,1
youani,1
member,2
shrink,1
dabook,1
mental,2
marrow,2
hamper,1
coupla,1
prasad,1
tiwari,2
cancer,6
todayh,1
uscedu,1
alsoor,1
playng,1
cheesi,1
frosti,1
nudist,1
petrol,2
signal,1
public,4
sleepi,2
chachi,1
kanagu,1
diwali,2
easter,1
rebtel,1
variou,2
atyour,1
golden,1
privat,1
teethi,1
ambiti,1
yellow,2
itleav,2
strike,3
dancin,1
cinema,5
twenti,2
durham,1
groovi,2
harish,1
doinat,1
callon,1
bought,4
swatch,2
ganesh,2
summer,1
oooooh,1
studyn,1
liquor,1
machin,1
buzzzz,1
fusion,1
swalpa,1
bollox,1
reboot,3
bottom,3
medont,1
republ,1
festiv,1
dasara,1
tosend,1
portal,1
lennon,1
summon,1
gudnit,1
webpag,1
kkfrom,1
expert,1
madodu,1
victor,1
enketa,1
priest,1
intrud,1
hogolo,1
agalla,2
mecaus,1
wrench,2
appeal,1
deserv,1
curiou,2
condit,1
talkin,1
boutxx,1
divorc,1
recycl,1
toledo,1
disast,1
woould,1
sunoco,1
howard,2
leftov,1
abouta,1
asther,1
maruti,1
neglet,1
easili,2
workag,1
approx,1
jiayin,2
revers,2
waxsto,2
yifeng,1
theyll,1
vehicl,1
nigpun,1
screwd,1
wellda,1
sayask,1
braini,1
tradit,1
cantdo,1
aretak,1
outfor,1
reslov,1
entrop,1
fidalf,1
atroci,1
divert,1
wisdom,3
replyb,1
logoff,1
parkin,1
allalo,1
camera,3
amrita,1
persev,1
devour,2
airtel,2
survey,1
sprint,1
prolli,3
symbol,1
lesser,1
mumtaz,4
webadr,1
werear,1
nattil,1
kittum,1
hitman,1
jordan,1
kaypoh,1
harlem,1
itboth,1
locaxx,1
despit,2
thrown,1
bandag,1
hectic,1
forevr,3
gudnyt,1
domain,1
nusstu,1
ertini,1
august,1
lateso,1
associ,1
splwat,1
aldrin,1
herepl,1
witout,1
wthout,1
stitch,1
cheeto,1
hppnss,2
sorrow,2
yesmum,1
wlcome,1
atlast,2
physic,1
delici,1
desert,2
luxuri,1
onionr,1
review,2
fakemi,1
reffer,1
weirdi,1
godnot,1
sensit,2
painit,1
sublet,1
hisher,1
smiley,1
worryc,1
hunlov,1
tarpon,1
radiat,1
proper,1
flurri,1
ground,2
playin,1
dengra,1
toplay,1
heater,2
dodgey,1
dreamz,1
suitem,1
contin,1
carlin,1
sporad,1
burden,1
harder,1
sathya,2
religi,1
hwkeep,1
absenc,1
skinni,1
hockey,1
serena,1
approv,2
fortun,1
allday,1
infact,1
karaok,2
hidden,1
deyhop,1
daylov,1
jetton,1
spiral,1
raglan,1
edward,2
porteg,1
myspac,1
method,1
common,5
defeat,2
asthma,1
attack,1
haiyoh,1
somtim,1
audiit,1
brison,1
parish,1
hostil,1
breezi,1
problm,1
diseas,1
lavend,1
inmind,1
eventu,1
massiv,2
mathew,1
promot,1
academ,2
sagamu,1
intern,1
godyou,1
planet,1
comfey,1
oblivi,1
archiv,1
behalf,1
culdnt,1
smsing,1
effici,1
invent,1
khelat,1
grumbl,1
linear,1
roomat,1
adjust,1
cooper,1
mornin,1
thanku,1
africa,1
virgin,1
hiphop,1
oxygen,1
resort,1
roller,1
presnt,1
sneham,1
prabha,2
comedi,3
anythi,1
keypad,1
nottel,1
snuggl,1
sticki,1
scrape,1
barrel,1
misfit,1
therel,1
kafter,1
offens,1
bbdtht,1
assist,1
lonlin,1
gailxx,1
repeat,2
woulda,2
nervou,1
poorli,1
admiss,1
phrase,1
inshah,1
toolet,1
weapon,1
terror,1
decent,1
feelin,1
nuther,2
infect,2
ritten,1
itsnot,1
toaday,1
hearin,1
tortur,1
chapel,1
viveki,1
coulda,1
baller,1
toyota,1
mileag,1
clover,1
adsens,1
dudett,1
prepon,1
loneli,1
onword,1
mumbai,1
starer,1
hitler,1
eleven,1
virgil,1
gokila,1
blacko,1
goigng,1
perfum,1
grocer,1
franki,1
warner,1
diaper,1
turkey,1
dawher,1
stabil,1
failur,1
karnan,1
bluray,1
implic,1
salmon,1
upload,2
splash,1
hiwhat,1
juswok,1
boatin,1
uworld,1
assess,1
vidnot,1
asapok,1
foward,1
treacl,1
adress,1
moneyi,1
oyster,1
galcan,1
heaven,1
wicket,1
resolv,1
mentor,1
squeez,1
brolli,1
franxx,1
fowler,1
pubcaf,1
attent,1
shopth,1
reveal,1
yeovil,1
liaoso,1
colani,1
declar,1
jumper,1
sudden,1
influx,1
accent,1
dental,1
alreadi,89
brother,20
request,9
nurungu,3
tonight,57
naughti,7
serious,9
alright,23
convinc,4
sarcast,2
roommat,8
weekend,27
arabian,1
immunis,1
nigeria,8
smarter,1
accomod,2
thought,47
mallika,1
lturlgt,3
dresser,3
valuabl,4
kkwhere,2
perform,3
digniti,3
respect,4
network,6
factori,1
pleasur,8
appoint,5
address,17
sentenc,3
anythin,3
special,32
malarki,1
predict,5
biggest,1
contact,14
sometim,11
without,28
everyon,17
complet,19
account,24
discuss,7
spanish,1
goodfin,1
satisfi,3
greatby,1
handsom,2
suggest,5
hamster,2
orchard,11
success,8
prepaid,2
connect,8
diskyou,1
sceneri,1
appreci,9
compani,15
teacher,3
conduct,2
batteri,7
upstair,2
youwhen,1
correct,9
sportsx,1
everyth,29
slipper,3
ranjith,3
kettoda,4
disturb,11
theater,1
anybodi,6
cruisin,1
ollubut,1
gautham,3
jstfrnd,3
bstfrnd,3
definit,7
uniquei,1
bristol,2
problem,41
privaci,1
carolin,2
prestig,1
apeshit,1
alcohol,3
forward,13
sunshin,1
refresh,1
uniform,1
lindsay,1
payasam,1
project,15
kickbox,1
current,6
quickli,3
disastr,1
busetop,1
sentdat,2
whatsup,2
yesfrom,1
express,5
attitud,1
attract,2
shortag,3
fifteen,4
respond,6
applebe,2
cricket,3
gorgeou,4
exercis,1
consist,1
railway,3
languag,2
differb,1
infront,2
tension,2
jaykwon,1
thuglyf,1
qualiti,5
sorryin,2
reunion,1
confirm,13
jackson,1
fightng,3
anthoni,2
opinion,9
charact,7
stylish,5
scroung,2
malaria,7
passion,4
probabl,33
tirupur,3
develop,4
english,5
essenti,4
marriag,6
tendenc,1
headach,3
exhaust,5
present,8
blastin,1
tsunami,2
himthen,1
weather,7
concern,2
restock,2
triumph,1
cartoon,5
sonetim,1
tuesday,8
envelop,4
carlosl,1
scrappi,1
explain,4
holiday,12
purchas,2
prevent,1
student,8
madthen,1
lifeand,1
exactli,6
neglect,1
shorter,3
caveboy,1
librari,8
worklov,1
grandma,2
anywher,3
couldnt,6
uncount,1
wherear,1
galileo,2
enjoyin,1
yourjob,1
soonlot,1
countin,2
impress,4
stomach,3
tigress,1
version,6
babyhop,1
overdos,1
lovejen,1
corvett,1
atleast,1
yoyyooo,1
permiss,2
faglord,1
wifehow,3
cttergg,1
cttargg,1
happier,1
possibl,10
tobacco,1
nauseou,1
avalarr,1
vomitin,1
graviti,4
simpler,2
natwest,1
gymnast,1
necklac,2
youthat,1
likingb,1
aptitud,1
earlier,13
chicken,4
wrongli,1
potenti,2
carpark,1
ireneer,1
cresubi,1
syllabu,1
terribl,3
gloriou,1
content,6
souveni,1
pattern,2
scratch,2
foreign,3
countri,3
hardest,1
million,2
blanket,2
suffici,1
rightli,2
analysi,1
technic,3
support,10
finalis,1
visitne,1
dentist,2
pokkiri,1
planeti,1
thenwil,1
meetitz,1
spatula,1
complex,1
tomorro,2
depress,3
italian,5
hourish,1
conveni,1
painhop,1
station,6
kaitlyn,1
comment,1
balloon,1
horribl,5
fantast,3
chennai,13
flippin,1
popcorn,1
faultal,1
thanxxx,1
guessin,1
walmart,3
organis,1
passabl,1
prakesh,1
product,1
xxxxxxx,1
onlymor,1
nitetel,1
monlrsx,1
exhibit,1
collect,9
control,2
drinkin,2
deposit,2
publish,1
novelti,1
knacker,3
softwar,3
shatter,1
whenevr,3
remembr,2
chillin,3
compass,1
baaaaab,1
youuuuu,1
messeng,3
everyso,1
telphon,3
moralon,3
recharg,2
stretch,2
disclos,2
tuition,4
practic,6
beneath,2
goodnit,3
snicker,1
beforew,1
cardiff,3
twitter,1
restaur,2
browsin,1
vitamin,1
crucial,1
hostbas,1
convert,2
glasgow,1
sarcasm,2
employe,1
receipt,3
airport,4
wihtuot,2
worryus,1
sunroof,1
priceso,1
destini,1
stylist,1
pudunga,1
somewhr,1
perfect,3
wildlif,1
wantcom,1
instead,7
brought,2
surpris,11
comedyc,1
spontan,1
meaning,1
lmaonic,1
soladha,1
congrat,8
traffic,2
unknown,2
firesar,1
bedroom,6
theacus,1
thewend,1
inspect,1
nurseri,1
chuckin,1
carryin,1
schedul,2
habbahw,1
muchand,1
venugop,1
atlanta,4
yessura,1
transfr,3
squishi,1
septemb,1
husband,3
engalnd,1
payment,3
itplspl,4
laundri,2
fathima,3
readyal,1
unhappi,2
unlimit,4
snowman,2
snowbal,1
fujitsu,2
annoyin,1
anyplac,1
ecstasi,1
payback,1
honeybe,3
thinkin,9
practis,1
curtsey,1
ssindia,1
african,1
visitor,1
respons,5
preview,1
obvious,5
calicut,3
purpleu,1
orangei,1
blackim,1
hunonbu,1
homebut,1
ownyouv,1
provinc,1
diamond,3
tessypl,3
nimyapl,3
creativ,2
morphin,3
nowstil,1
stapati,1
honesti,1
shakara,1
crickit,1
porridg,1
claypot,1
beehoon,1
moseley,1
dayswil,1
loveabl,1
continu,2
billion,2
distanc,3
smidgin,1
display,3
newspap,1
watchin,1
lifetim,1
newshyp,1
journey,3
regular,2
deadwel,1
workand,1
whether,5
financi,1
centuri,1
possess,5
aproach,2
happili,2
paragon,2
goodmat,1
happend,4
pressur,1
thangam,3
whassup,1
dialogu,1
taxless,1
citizen,3
monthli,2
corrupt,1
padhegm,1
torrent,1
rightio,1
scorabl,1
suganya,1
dessert,1
sponsor,1
candont,1
easiest,1
drinkpa,1
struggl,1
placeno,1
fresher,1
mssuman,1
datoday,2
reliant,1
kanowhr,1
misplac,1
medicin,3
registr,1
benefit,1
hmmmhow,1
accumul,1
program,2
violenc,3
conform,2
ovarian,1
toshiba,2
eachoth,1
luckili,1
realiti,1
forfeit,1
checkup,1
amongst,2
sensibl,1
danalla,1
landlin,2
ericson,1
neither,2
perpetu,1
januari,6
process,4
mission,1
netflix,1
firefox,1
salespe,1
conclus,1
misscal,1
japanes,2
proverb,2
crucifi,1
freedom,2
printer,1
thatnow,1
cheaper,3
nuclear,1
histori,3
agidhan,1
typelyk,1
ingredi,1
grinder,1
daywith,1
tallent,1
shoreth,1
isaiahd,1
tightli,1
homelov,1
pathaya,1
announc,1
lifethi,1
dungere,1
mention,2
onlydon,1
eerulli,1
werebor,1
mysteri,1
describ,1
plumber,1
wouldnt,5
coccoon,1
yeahand,1
knowthi,1
frndshp,1
volcano,1
aroundn,1
lighter,1
lasagna,1
raviyog,1
badrith,1
checkin,1
armenia,1
justifi,1
babysit,2
butther,1
breakin,1
hanuman,1
janarig,1
maretar,1
problum,1
selfish,1
therexx,1
embassi,1
lightli,1
hardcor,1
batsman,1
minimum,2
sariyag,1
barolla,1
postpon,1
drunken,2
overtim,1
monster,1
youphon,1
pretend,1
reflect,1
katexxx,1
western,1
nowaday,1
resolut,1
timehop,1
captain,4
nighter,1
sumthin,1
spunout,1
cyclist,1
kavalan,2
conserv,1
bhaskar,1
dubsack,3
footbal,2
outdoor,1
interfu,1
workout,1
virtual,1
senthil,2
wordnot,1
wherevr,1
lancast,1
specifi,1
hahatak,1
dreamsu,1
jacuzzi,1
rakhesh,1
callurg,1
dearlov,1
takecar,1
burrito,1
callcoz,2
attempt,2
trouser,1
throwin,1
section,2
comfort,1
petrolr,1
chikkuk,1
protect,2
ethreat,2
someday,1
auction,1
todaydo,1
truekdo,1
cometil,1
theoret,1
deartak,1
guoyang,1
antelop,1
fieldof,1
newport,1
shortli,1
juliana,1
dizzamn,1
univers,3
mandara,1
trishul,1
flatter,1
yalrigu,1
chikkub,1
willpow,1
ashwini,1
meatbal,1
cornwal,1
florida,1
misstak,1
daalway,1
thisdon,1
michael,1
riddanc,1
closebi,1
dapleas,1
drastic,1
garment,1
detroit,1
partner,1
jewelri,1
taunton,4
weekday,1
heartgn,2
magazin,1
concert,2
useless,1
swollen,1
previou,2
haircut,1
homewot,1
recreat,1
epsilon,2
waheeda,1
sweater,1
consent,1
lautech,1
zealand,1
browser,1
wellyou,1
convers,1
extract,1
watchng,1
flavour,1
lareadi,1
upsetit,1
dogwood,1
talkbut,1
lehhaha,1
looovvv,1
warwick,1
algebra,1
graduat,1
clearli,2
greatli,1
beverag,1
surrend,1
symptom,1
vikkyim,1
chapter,1
voucher,1
irulina,1
firmwar,1
contain,1
hmmmbut,1
mmmmmmm,1
whisper,1
healthi,1
sleepin,2
clearer,1
shindig,1
soonxxx,1
canteen,1
hitechn,1
complac,1
opposit,1
heavili,1
patrick,1
quarter,1
smaller,1
persian,1
shoppin,2
toopray,2
increas,1
abdomen,1
solihul,1
england,1
collaps,1
channel,1
cherish,2
clarifi,1
younger,1
rajitha,1
dearslp,2
welltak,2
careswt,2
disagre,1
thatmum,1
ourback,1
recount,1
lorgoin,1
exchang,1
fassyol,1
reassur,2
patient,1
vibrant,1
fuuuuck,1
awkward,1
overdid,1
nightsw,1
liaotoo,1
spinout,1
finishd,1
absolut,1
teethif,1
latebut,1
reappli,1
treatin,1
theplac,1
favorit,2
sashimi,1
aquariu,1
grownup,1
upcharg,1
percent,1
meremov,1
ooooooh,1
sivatat,1
getanth,1
pendent,1
guidanc,1
treasur,1
titleso,1
command,1
ofcours,1
identif,1
endless,1
referin,1
saibaba,1
tantrum,1
spiritu,1
breather,1
apologet,1
saturday,9
stubborn,1
tomorrow,80
embarass,5
sherawat,1
yesgauti,1
download,11
casualti,1
moviewat,1
birthday,35
research,4
tortilla,2
directli,6
shouldnt,6
apologis,3
question,24
ummmawil,1
parentsi,1
maneesha,3
approach,2
transact,5
goodmorn,14
ericsson,2
straight,4
mudyadhu,1
argument,6
tomarrow,3
although,2
commerci,2
childish,6
doinghow,2
dearshal,1
toniteth,1
accident,4
appropri,1
somebodi,9
somewher,10
cutefrnd,3
swtheart,3
kkadvanc,1
christma,11
tadaaaaa,1
favourit,3
stranger,2
interest,14
jeremiah,1
misbehav,2
unemploy,2
chikkudb,1
recognis,3
followin,1
monthnot,1
facebook,8
hmmmkbut,1
slightli,2
esplanad,4
lacsther,3
lacsthat,3
concentr,5
optimist,1
intellig,4
princess,32
slipperi,1
transfer,5
aathilov,3
machiani,1
accentur,1
dificult,3
westshor,1
signific,2
kusruthi,4
prabhaim,3
forgiven,2
competit,2
unconsci,2
children,6
elsewher,3
uncondit,1
recoveri,2
surround,1
tactless,1
theseday,1
lunchyou,1
sugardad,1
american,3
scotland,2
yogasana,5
bridgwat,1
somethin,5
valentin,15
bestrpli,1
reaction,2
brighten,1
thursday,5
teacoffe,1
imprtant,1
aeronaut,2
aeroplan,2
attribut,1
againcal,1
worldmay,1
youcarlo,1
drunkard,1
lttimegt,7
ssnervou,1
hunnyhop,1
illspeak,1
starshin,1
hahahaus,3
roadsrvx,1
meanwhil,4
samantha,1
bettersn,1
probthat,1
otherwis,10
midnight,6
getsleep,1
unbeliev,2
opportun,3
outstand,3
hollalat,1
todaybut,1
chikkuil,1
shoulder,1
ogunrind,1
thatdont,1
notebook,1
eightish,1
posterod,1
calldrov,1
homeleft,1
knowwait,1
loverboy,6
belliger,1
sculptur,1
dreamlov,1
sorrowsi,1
craziest,2
frndship,5
neighbor,2
passthey,1
lunchtim,1
finewhen,2
basqihav,1
chikkugo,1
downstem,1
weirdest,2
didntgiv,1
heygreat,1
dealfarm,1
birthdat,2
happenin,1
cocksuck,1
whileamp,1
coveragd,1
bathroom,1
februari,4
goodnoon,2
margaret,3
girlfrnd,3
grahmbel,3
interviw,1
worriedx,1
determin,2
intrepid,1
function,2
earlierw,1
stupidit,3
investig,1
youmoney,1
thinghow,1
internet,6
unfortun,2
earliest,1
prospect,3
adventur,3
packalso,1
kalainar,1
extermin,1
leonardo,1
withdraw,1
lovingli,2
shanghai,1
constant,2
somewhat,1
goodeven,1
spageddi,1
toughest,1
maintain,4
tookplac,1
wherebtw,1
classmat,1
hunnywot,1
complain,2
haventcn,1
detailsi,1
trainner,1
everytim,1
textbook,1
blessget,1
youclean,4
consensu,1
parachut,1
oficegot,1
pharmaci,1
lifebook,1
prioriti,1
minstand,1
sweetest,3
gmgngegn,3
featheri,1
distract,2
outreach,1
eggspert,1
subtoitl,1
storelik,1
drugdeal,1
ipaditan,1
shitload,2
password,4
strongli,1
sacrific,2
document,1
colleagu,9
fishhead,1
thankyou,1
pendingi,1
progress,1
accordin,1
whilltak,1
zogtoriu,1
problemi,1
categori,1
shampain,2
director,2
paranoid,1
properli,2
pongaldo,2
furnitur,2
daurgent,1
telephon,2
restuwud,1
citylink,1
pleasant,1
splendid,1
shoranur,1
honestli,1
promptli,1
someplac,1
superior,2
newscast,1
contract,2
usualiam,3
arestaur,1
dosometh,1
smoothli,1
challeng,3
rcbbattl,1
olowoyey,1
timeslil,1
justbeen,1
nowonion,1
properti,2
godtaken,1
bbdpooja,1
blackand,1
sweatter,1
configur,1
helloooo,2
everyboy,1
xxxxxxxx,1
fireplac,1
fletcher,1
descript,1
persondi,1
youkwher,1
offcampu,1
independ,2
selfless,1
slaaaaav,1
appendix,1
particip,1
nammanna,1
stagwood,1
kodstini,1
madstini,1
kodthini,1
satsound,1
likeyour,1
randomli,1
reformat,1
thriller,1
everyday,2
postcard,2
swimsuit,1
hurrican,1
goodwhen,1
peripher,1
chennaii,1
numberso,1
ramaduth,1
keluviri,1
siguviri,1
checkbox,1
hundredh,1
mathemat,2
afternon,1
somerset,1
dismissi,1
arithmet,1
uhhhhrmm,1
youwanna,1
notixiqu,1
laxinorf,1
oblising,1
amplikat,1
burgundi,1
shldxxxx,1
scenario,1
inperson,1
deliveri,1
passport,1
multipli,1
individu,1
langport,2
hasbroin,1
confirmd,2
motorola,2
shangela,1
againlov,1
fishrman,1
wishlist,1
restrict,1
authoris,1
honeydid,1
febapril,1
ammaelif,1
batchlor,1
wrongtak,1
careumma,1
suddenli,1
nooooooo,1
eckankar,1
fiendmak,1
thousadi,1
southern,1
macleran,1
muhommad,1
answerin,1
jokethet,1
prescrib,1
familiar,1
perspect,1
luvnight,1
restwish,1
lunsford,1
bookedth,1
careless,1
greatest,2
sunlight,2
bullshit,1
woodland,1
stevelik,1
uothrwis,1
sandiago,1
anderson,1
timeyour,1
leasttim,1
frequent,1
cupboard,1
mapquest,1
babesozi,1
wannatel,1
wenwecan,1
unrecogn,1
undrstnd,1
opponent,1
tellmiss,1
backward,1
abstract,1
neekunna,1
prakasam,1
prasanth,1
robinson,1
shijutta,1
thousand,1
darlinim,1
instruct,1
checkmat,1
wifedont,1
carolina,1
happiest,1
whenwher,1
antibiot,1
chastiti,1
mistakeu,1
unintent,2
mountain,2
thinkthi,1
numberpl,1
idconvey,1
rencontr,1
sarasota,2
gotmarri,1
rearrang,1
astronom,1
dysentri,1
joinedso,1
tranquil,1
velusami,1
discount,2
treadmil,1
drmstake,1
hellohow,1
beendrop,1
sirsalam,1
indianpl,1
princegn,1
stuffwhi,1
astrolog,1
formsdon,1
singapor,1
victoria,1
boundari,1
salesman,1
callertun,10
housework,1
yesterday,20
gentleman,3
afternoon,28
stuffmoro,1
hairdress,1
minecraft,1
dinnermsg,1
eggpotato,1
tmorrowpl,1
cozsomtim,1
everywher,2
interview,5
formclark,2
goodnight,8
womdarful,1
bookshelf,1
lvblefrnd,3
lifpartnr,3
paperwork,2
joinedhop,1
allahmeet,1
administr,2
sendernam,2
sentiment,1
aathiwher,3
urgentbut,3
worldveri,2
practicum,1
falconerf,1
transport,2
problemat,1
holidayso,3
ummmmmaah,3
sunscreen,1
onlinewhi,1
seventeen,1
thanksgiv,3
uncomfort,1
professor,2
shitstorm,1
stillmayb,1
randomlli,1
dogbreath,1
friendsar,1
mojibiola,2
ultimatum,2
mattermsg,1
philosoph,1
unsoldmik,1
fridayhop,1
congratul,1
secondari,1
christian,1
ltemailgt,1
cougarpen,1
sheffield,2
thoughtsi,1
sambarlif,1
unsoldnow,1
addressul,1
timedhoni,1
velacheri,1
alivebett,1
senrddnot,1
sortedbut,1
everythin,1
johnsound,1
bellearli,1
disappear,1
wheellock,1
worthless,1
paragraph,1
heartsnot,1
mondaynxt,1
worldgnun,1
waysmscom,1
steamboat,1
noncomitt,1
everybodi,5
headstart,1
certainli,3
chikkuali,1
messageit,5
difficult,12
nordstrom,1
establish,1
companion,1
boyfriend,2
sympathet,1
honeymoon,1
compromis,1
sonathaya,1
embarrass,1
specialis,2
entertain,2
algorithm,1
itriedtel,1
careabout,1
playerwhi,1
bloodsend,4
wednesday,8
underwear,2
prescript,2
hypertens,1
wondarful,1
latelyxxx,1
samachara,1
ponnungal,1
processit,1
ibuprofen,1
chinatown,1
homecheck,1
affection,2
collegexx,1
albumquit,1
complaint,2
takenonli,1
coimbator,1
transcrib,1
instantli,2
messageno,3
reltnship,1
housemaid,7
neighbour,3
brilliant,4
onlybettr,1
barcelona,1
statement,2
breakfast,1
sundayish,1
technolog,1
argentina,1
secretari,2
scarcasim,1
chikkuwat,1
modelsoni,1
telugutht,1
affidavit,1
courtroom,1
sankranti,1
shivratri,1
rememberi,1
theseyour,1
footprint,3
frndsship,1
pretsovru,1
maraikara,1
walkabout,1
toothpast,1
thangamit,1
necessari,2
squeeeeez,1
bhayandar,1
odalebeku,1
hanumanji,1
kalisidar,1
forgotten,2
brainless,1
percentag,1
chillaxin,1
crisisspk,1
priscilla,2
dayexcept,1
frankgood,1
fundament,1
peteynoim,1
alritehav,1
placement,2
broadband,1
shahjahan,2
basketbal,1
muchxxlov,1
pataistha,1
terrorist,2
moraldont,1
grandfath,1
expiredso,1
ystrdayic,1
rounderso,1
borderlin,1
nationwid,1
nimbomson,1
muchimped,1
sumthinxx,1
onlyfound,1
agocusoon,1
esaplanad,1
unconvinc,1
ifwhenhow,1
valuemorn,1
faitheven,1
todaygood,1
leafdayno,1
milkdayno,1
watrdayno,1
hellogorg,1
wordsevri,1
ujhhhhhhh,1
snowboard,1
bevieswaz,1
earthsofa,1
definitli,1
contribut,1
quiteamuz,1
thatscool,1
vilikkamt,1
noooooooo,1
phonebook,1
coldheard,1
stressful,1
photoshop,1
loooooool,1
bornpleas,1
inconveni,2
parentnot,1
careinsha,1
ahhhhjust,1
olayiwola,1
hmmmstill,1
afterward,1
dormitori,1
stuffleav,1
familymay,1
doingwhat,1
correctli,1
hannaford,1
spacebuck,1
childporn,1
pshewmiss,1
ffffffffff,1
beforehand,1
weighthaha,1
knowyetund,1
babyjontet,1
tonitebusi,1
streetshal,1
edukkukaye,1
friendship,22
supervisor,3
personmeet,1
tisscotays,1
andrewsboy,1
fineinshah,1
loxahatche,2
messagesom,2
urgentlyit,3
txtjourney,1
greatbhaji,2
feelingwav,1
weeddefici,1
acknowledg,1
sweetheart,2
membership,1
runninglet,1
scrumptiou,1
dictionari,4
cappuccino,2
inconsider,2
understand,14
comprehens,1
officewhat,1
problembut,1
shakespear,1
websitenow,1
dearregret,1
speechless,3
groundamla,1
okthenwhat,3
difficulti,2
byleafcutt,1
blackberri,4
undrstndng,1
availablei,1
chinchilla,1
waitshould,1
compulsori,1
leannewhat,1
sleepsweet,2
thatworzel,1
weightloss,1
ghodbandar,1
missionari,1
bedroomlov,1
maangalyam,2
alaipayuth,2
hererememb,1
philosophi,3
comingdown,1
constantli,3
satsgettin,1
breadstick,1
problemfre,1
franyxxxxx,1
kudiyarasu,2
vaazhthukk,2
politician,2
reppurcuss,1
particular,1
dramastorm,1
explicitli,1
showroomsc,1
nonenowher,1
understood,3
disconnect,3
topicsorri,1
gopalettan,1
sachinjust,1
winterston,1
countinlot,1
tirunelvai,1
bloodblood,2
heartheart,2
gonnamissu,1
poortiyagi,1
masteriast,1
champlaxig,1
underdtand,1
skateboard,1
morningtak,1
goodfriend,2
arpraveesh,1
formallypl,1
prayingwil,1
multimedia,1
growrandom,1
nightnight,1
california,3
heltiniiyo,1
panalambut,1
semiobscur,1
motherfuck,1
appledayno,1
lemondayno,1
parantella,1
baaaaaaaab,1
erutupalam,1
nottingham,1
vijaykanth,1
kanoanyway,1
leastwhich,1
swashbuckl,1
tallahasse,1
dreamsmuah,2
tocallshal,1
craigslist,1
officestil,1
prometazin,1
morrowxxxx,1
disappoint,1
compliment,1
aaooooright,1
ltdecimalgt,23
keralacircl,2
kkgoodstudi,1
gandhipuram,1
necessarili,2
sleepingand,3
transferacc,1
nuerologist,1
unfortuntli,1
wetherspoon,1
cherthalain,1
dearrakhesh,1
possiblehop,1
tomorrowcal,1
anniversari,2
snoringthey,1
attractioni,1
alrightokay,1
cheyyamoand,1
beneficiari,2
goodtimeoli,1
inperialmus,1
listeningth,1
tirunelvali,2
spreadsheet,1
bestcongrat,1
partnership,2
gooddhanush,1
chikkusimpl,1
dileepthank,1
supportveri,1
afghanistan,1
accordingli,1
brilliantli,1
autocorrect,1
strangersaw,1
thrurespect,1
compofstuff,1
meaningless,1
miltazindgi,1
neshanthtel,1
madamregret,1
goodenviron,2
nightsexcel,1
northampton,2
paracetamol,1
pimpleseven,1
nicenicehow,2
nowadayslot,1
kkyesterday,1
nightnobodi,1
footblcrckt,1
dontgettext,1
importantli,1
auctionpunj,1
youdearwith,1
loverakhesh,1
newquaysend,1
pavanaputra,1
wadebridgei,1
moneeppolum,1
senthilhsbc,1
receiptswel,1
christmassi,1
ffffuuuuuuu,1
julianaland,1
thandiyachu,1
prakasamanu,1
msgsometext,1
vinobanagar,1
ovulatewhen,1
terminatedw,1
nonetheless,1
confirmdeni,1
kkcongratul,1
frontiervil,1
perumbavoor,1
thnovbehind,1
motherinlaw,1
herethanksi,1
mahfuuzmean,1
enufcredeit,1
gastroenter,2
misundrstud,1
marandratha,1
someonethat,1
seperatedud,1
missunderstd,1
okvarunnathu,1
allahrakhesh,1
fullonsmscom,6
hillsborough,1
monkeespeopl,1
monkeyaround,1
doublefaggot,1
astoundingli,1
wikipediacom,1
kalstiyathen,1
comingtmorow,1
entrepreneur,1
correctionor,1
beautifulmay,1
thekingshead,1
computerless,1
thirunelvali,1
icicibankcom,2
psychologist,1
psychiatrist,1
hhahhaahahah,1
troubleshoot,1
towndontmatt,1
nolistenedth,1
responcewhat,3
hitteranyway,1
particularli,1
processexcel,1
neededsalari,1
massagetiepo,1
closedinclud,4
pretsorginta,1
merememberin,1
sankatmochan,1
selfindepend,1
messagepandi,1
judgementali,1
jeevithathil,1
conditionand,1
startedindia,1
alaikkumprid,1
qatarrakhesh,1
applespairsal,1
callingforgot,1
tayseertissco,1
individualtim,1
accordinglyor,1
mindsetbeliev,1
opportunityal,1
opportunitypl,1
westonzoyland,1
plumbingremix,1
marrgeremembr,1
hilariousalso,1
unnecessarili,2
imaginationmi,1
indyarockscom,2
govtinstituit,4
hogidhechinnu,1
bajarangabali,1
affectionsamp,1
meummifyingby,1
goodmorningmi,1
availablethey,1
tomorrowtoday,1
hopeafternoon,1
fineabsolutli,2
sensesrespect,1
chennaibecaus,1
supportprovid,1
membershiptak,1
shitjustfound,1
shanilrakhesh,1
numberrespect,1
tamilnaduthen,1
minnaminungint,3
wahleykkumshar,1
sorydarealyfrm,3
convincingjust,1
christmasmerri,1
prashanthettan,1
alternativehop,1
processnetwork,1
molestedsomeon,1
fredericksburg,1
dippeditinadew,2
tomeandsaidthi,2
theregoodnight,1
iwasmarinethat,1
mittelschmertz,1
studentfinanci,1
xxxxxxxxxxxxxx,1
relationshipit,1
gloucesterroad,1
passwordsatmsm,2
eshxxxxxxxxxxx,1
uawakefeellikw,1
geoenvironment,1
yijuehotmailcom,1
ishtamayoohappi,1
hellodrivbyquit,1
marriageprogram,1
officethenampet,1
sleepwellamptak,2
wwwfullonsmscom,2
premaricakindli,1
rechargerakhesh,1
brilliantthingi,1
somewheresomeon,1
alreadysabarish,1
kalaachutaarama,1
friendofafriend,1
overemphasiseor,1
pleassssssseeeee,1
gudnitetcpractic,2
disturbancemight,1
officeunderstand,3
anythingtomorrow,1
faceasssssholeee,1
callsmessagesmiss,3
todaysundaysunday,3
itwhichturnedinto,2
mentionedtomorrow,1
ambrithmaduraimet,1
boughtbraindancea,1
fuckinniceselfish,1
miiiiiiissssssssss,1
haughaighgtujhyguj,1
aslamalaikkuminsha,1
doesdiscountshitinnit,1
achanammarakheshqatar,1
sometimerakheshvisitor,1
magicalsongsblogspotcom,1
informedrgdsrakheshkerala,1
poyyarikaturkolathupalayamunjalur,1
hypotheticalhuagauahahuagahyuhagga,1
staffsciencenusedusgphyhcmkteachingpc,1
friendshipmotherfatherteacherschildren,1
